[
  {
    "id" : 1,
    "text" : "First"
  },
  {
    "id" : 2,
    "text" : "Second",
    "color" : "red"
  },
  {
    "id" : 3,
    "text" : "Third",
    "color" : "orange"
  },
  {
    "id" : 4,
    "text" : "Fourth",
    "color" : "red"
  },
  {
    "id" : 5,
    "text" : "Fifth",
    "color" : "pink"
  },
  {
    "id" : 6,
    "text" : "Sixth",
    "color" : "yellow"
  },
  {
    "id" : 7,
    "text" : "Seventh",
    "color" : "blue"
  },
  {
    "id" : 8,
    "text" : "Eighth",
    "color" : "blue"
  },
  {
    "id" : 9,
    "text" : "Ninth",
    "color" : "purple"
  },
  {
    "id" : 10,
    "text" : "Tenth",
    "color" : "green"
  }
]